STRUCTURE,STRUCTURE_ID,STRUCTURE_NAME,freq,Time frequency,s_adj,Seasonal adjustment,bop_item,Balance of payments item,sector10,Sector (ESA 2010),sectpart,Counterpart sector (ESA 2010),stk_flow,Stock or flow,partner,Geopolitical entity (partner),unit,Unit of measure,geo,Geopolitical entity (reporting),TIME_PERIOD,Time,OBS_VALUE,Observation value,OBS_FLAG,Observation status (Flag) V2 structure,CONF_STATUS,Confidentiality status (flag)
dataflow,ESTAT:TIPSBP40(1.0),Current account balance - quarterly data,Q,Quarterly,NSA,Unadjusted data (i.e. neither seasonally adjusted nor calendar adjusted data),CA,Current account,S1,Total economy,S1,Total economy,BAL,Balance,WRL_REST,Rest of the world,MIO_NAC,Million units of national currency,LU,Luxembourg,2002-Q1,,1175.0,,,,,
dataflow,ESTAT:TIPSBP40(1.0),Current account balance - quarterly data,Q,Quarterly,NSA,Unadjusted data (i.e. neither seasonally adjusted nor calendar adjusted data),CA,Current account,S1,Total economy,S1,Total economy,BAL,Balance,WRL_REST,Rest of the world,MIO_NAC,Million units of national currency,LU,Luxembourg,2002-Q2,,920.0,,,,,
dataflow,ESTAT:TIPSBP40(1.0),Current account balance - quarterly data,Q,Quarterly,NSA,Unadjusted data (i.e. neither seasonally adjusted nor calendar adjusted data),CA,Current account,S1,Total economy,S1,Total economy,BAL,Balance,WRL_REST,Rest of the world,MIO_NAC,Million units of national currency,LU,Luxembourg,2002-Q3,,-172.0,,,,,
dataflow,ESTAT:TIPSBP40(1.0),Current account balance - quarterly data,Q,Quarterly,NSA,Unadjusted data (i.e. neither seasonally adjusted nor calendar adjusted data),CA,Current account,S1,Total economy,S1,Total economy,BAL,Balance,WRL_REST,Rest of the world,MIO_NAC,Million units of national currency,LU,Luxembourg,2002-Q4,,-20.0,,,,,
dataflow,ESTAT:TIPSBP40(1.0),Current account balance - quarterly data,Q,Quarterly,NSA,Unadjusted data (i.e. neither seasonally adjusted nor calendar adjusted data),CA,Current account,S1,Total economy,S1,Total economy,BAL,Balance,WRL_REST,Rest of the world,MIO_NAC,Million units of national currency,LU,Luxembourg,2003-Q1,,256.0,,,,,
dataflow,ESTAT:TIPSBP40(1.0),Current account balance - quarterly data,Q,Quarterly,NSA,Unadjusted data (i.e. neither seasonally adjusted nor calendar adjusted data),CA,Current account,S1,Total economy,S1,Total economy,BAL,Balance,WRL_REST,Rest of the world,MIO_NAC,Million units of national currency,LU,Luxembourg,2003-Q2,,-51.0,,,,,
dataflow,ESTAT:TIPSBP40(1.0),Current account balance - quarterly data,Q,Quarterly,NSA,Unadjusted data (i.e. neither seasonally adjusted nor calendar adjusted data),CA,Current account,S1,Total economy,S1,Total economy,BAL,Balance,WRL_REST,Rest of the world,MIO_NAC,Million units of national currency,LU,Luxembourg,2003-Q3,,895.0,,,,,
dataflow,ESTAT:TIPSBP40(1.0),Current account balance - quarterly data,Q,Quarterly,NSA,Unadjusted data (i.e. neither seasonally adjusted nor calendar adjusted data),CA,Current account,S1,Total economy,S1,Total economy,BAL,Balance,WRL_REST,Rest of the world,MIO_NAC,Million units of national currency,LU,Luxembourg,2003-Q4,,774.0,,,,,
dataflow,ESTAT:TIPSBP40(1.0),Current account balance - quarterly data,Q,Quarterly,NSA,Unadjusted data (i.e. neither seasonally adjusted nor calendar adjusted data),CA,Current account,S1,Total economy,S1,Total economy,BAL,Balance,WRL_REST,Rest of the world,MIO_NAC,Million units of national currency,LU,Luxembourg,2004-Q1,,919.0,,,,,
dataflow,ESTAT:TIPSBP40(1.0),Current account balance - quarterly data,Q,Quarterly,NSA,Unadjusted data (i.e. neither seasonally adjusted nor calendar adjusted data),CA,Current account,S1,Total economy,S1,Total economy,BAL,Balance,WRL_REST,Rest of the world,MIO_NAC,Million units of national currency,LU,Luxembourg,2004-Q2,,-246.0,,,,,
dataflow,ESTAT:TIPSBP40(1.0),Current account balance - quarterly data,Q,Quarterly,NSA,Unadjusted data (i.e. neither seasonally adjusted nor calendar adjusted data),CA,Current account,S1,Total economy,S1,Total economy,BAL,Balance,WRL_REST,Rest of the world,MIO_NAC,Million units of national currency,LU,Luxembourg,2004-Q3,,503.0,,,,,
dataflow,ESTAT:TIPSBP40(1.0),Current account balance - quarterly data,Q,Quarterly,NSA,Unadjusted data (i.e. neither seasonally adjusted nor calendar adjusted data),CA,Current account,S1,Total economy,S1,Total economy,BAL,Balance,WRL_REST,Rest of the world,MIO_NAC,Million units of national currency,LU,Luxembourg,2004-Q4,,816.0,,,,,
dataflow,ESTAT:TIPSBP40(1.0),Current account balance - quarterly data,Q,Quarterly,NSA,Unadjusted data (i.e. neither seasonally adjusted nor calendar adjusted data),CA,Current account,S1,Total economy,S1,Total economy,BAL,Balance,WRL_REST,Rest of the world,MIO_NAC,Million units of national currency,LU,Luxembourg,2005-Q1,,631.0,,,,,
dataflow,ESTAT:TIPSBP40(1.0),Current account balance - quarterly data,Q,Quarterly,NSA,Unadjusted data (i.e. neither seasonally adjusted nor calendar adjusted data),CA,Current account,S1,Total economy,S1,Total economy,BAL,Balance,WRL_REST,Rest of the world,MIO_NAC,Million units of national currency,LU,Luxembourg,2005-Q2,,9.0,,,,,
dataflow,ESTAT:TIPSBP40(1.0),Current account balance - quarterly data,Q,Quarterly,NSA,Unadjusted data (i.e. neither seasonally adjusted nor calendar adjusted data),CA,Current account,S1,Total economy,S1,Total economy,BAL,Balance,WRL_REST,Rest of the world,MIO_NAC,Million units of national currency,LU,Luxembourg,2005-Q3,,945.0,,,,,
dataflow,ESTAT:TIPSBP40(1.0),Current account balance - quarterly data,Q,Quarterly,NSA,Unadjusted data (i.e. neither seasonally adjusted nor calendar adjusted data),CA,Current account,S1,Total economy,S1,Total economy,BAL,Balance,WRL_REST,Rest of the world,MIO_NAC,Million units of national currency,LU,Luxembourg,2005-Q4,,516.0,,,,,
dataflow,ESTAT:TIPSBP40(1.0),Current account balance - quarterly data,Q,Quarterly,NSA,Unadjusted data (i.e. neither seasonally adjusted nor calendar adjusted data),CA,Current account,S1,Total economy,S1,Total economy,BAL,Balance,WRL_REST,Rest of the world,MIO_NAC,Million units of national currency,LU,Luxembourg,2006-Q1,,619.0,,,,,
dataflow,ESTAT:TIPSBP40(1.0),Current account balance - quarterly data,Q,Quarterly,NSA,Unadjusted data (i.e. neither seasonally adjusted nor calendar adjusted data),CA,Current account,S1,Total economy,S1,Total economy,BAL,Balance,WRL_REST,Rest of the world,MIO_NAC,Million units of national currency,LU,Luxembourg,2006-Q2,,270.0,,,,,
dataflow,ESTAT:TIPSBP40(1.0),Current account balance - quarterly data,Q,Quarterly,NSA,Unadjusted data (i.e. neither seasonally adjusted nor calendar adjusted data),CA,Current account,S1,Total economy,S1,Total economy,BAL,Balance,WRL_REST,Rest of the world,MIO_NAC,Million units of national currency,LU,Luxembourg,2006-Q3,,938.0,,,,,
dataflow,ESTAT:TIPSBP40(1.0),Current account balance - quarterly data,Q,Quarterly,NSA,Unadjusted data (i.e. neither seasonally adjusted nor calendar adjusted data),CA,Current account,S1,Total economy,S1,Total economy,BAL,Balance,WRL_REST,Rest of the world,MIO_NAC,Million units of national currency,LU,Luxembourg,2006-Q4,,445.0,,,,,
dataflow,ESTAT:TIPSBP40(1.0),Current account balance - quarterly data,Q,Quarterly,NSA,Unadjusted data (i.e. neither seasonally adjusted nor calendar adjusted data),CA,Current account,S1,Total economy,S1,Total economy,BAL,Balance,WRL_REST,Rest of the world,MIO_NAC,Million units of national currency,LU,Luxembourg,2007-Q1,,391.0,,,,,
dataflow,ESTAT:TIPSBP40(1.0),Current account balance - quarterly data,Q,Quarterly,NSA,Unadjusted data (i.e. neither seasonally adjusted nor calendar adjusted data),CA,Current account,S1,Total economy,S1,Total economy,BAL,Balance,WRL_REST,Rest of the world,MIO_NAC,Million units of national currency,LU,Luxembourg,2007-Q2,,565.0,,,,,
dataflow,ESTAT:TIPSBP40(1.0),Current account balance - quarterly data,Q,Quarterly,NSA,Unadjusted data (i.e. neither seasonally adjusted nor calendar adjusted data),CA,Current account,S1,Total economy,S1,Total economy,BAL,Balance,WRL_REST,Rest of the world,MIO_NAC,Million units of national currency,LU,Luxembourg,2007-Q3,,818.0,,,,,
dataflow,ESTAT:TIPSBP40(1.0),Current account balance - quarterly data,Q,Quarterly,NSA,Unadjusted data (i.e. neither seasonally adjusted nor calendar adjusted data),CA,Current account,S1,Total economy,S1,Total economy,BAL,Balance,WRL_REST,Rest of the world,MIO_NAC,Million units of national currency,LU,Luxembourg,2007-Q4,,687.0,,,,,
dataflow,ESTAT:TIPSBP40(1.0),Current account balance - quarterly data,Q,Quarterly,NSA,Unadjusted data (i.e. neither seasonally adjusted nor calendar adjusted data),CA,Current account,S1,Total economy,S1,Total economy,BAL,Balance,WRL_REST,Rest of the world,MIO_NAC,Million units of national currency,LU,Luxembourg,2008-Q1,,1095.0,,,,,
dataflow,ESTAT:TIPSBP40(1.0),Current account balance - quarterly data,Q,Quarterly,NSA,Unadjusted data (i.e. neither seasonally adjusted nor calendar adjusted data),CA,Current account,S1,Total economy,S1,Total economy,BAL,Balance,WRL_REST,Rest of the world,MIO_NAC,Million units of national currency,LU,Luxembourg,2008-Q2,,432.0,,,,,
dataflow,ESTAT:TIPSBP40(1.0),Current account balance - quarterly data,Q,Quarterly,NSA,Unadjusted data (i.e. neither seasonally adjusted nor calendar adjusted data),CA,Current account,S1,Total economy,S1,Total economy,BAL,Balance,WRL_REST,Rest of the world,MIO_NAC,Million units of national currency,LU,Luxembourg,2008-Q3,,731.0,,,,,
dataflow,ESTAT:TIPSBP40(1.0),Current account balance - quarterly data,Q,Quarterly,NSA,Unadjusted data (i.e. neither seasonally adjusted nor calendar adjusted data),CA,Current account,S1,Total economy,S1,Total economy,BAL,Balance,WRL_REST,Rest of the world,MIO_NAC,Million units of national currency,LU,Luxembourg,2008-Q4,,192.0,,,,,
dataflow,ESTAT:TIPSBP40(1.0),Current account balance - quarterly data,Q,Quarterly,NSA,Unadjusted data (i.e. neither seasonally adjusted nor calendar adjusted data),CA,Current account,S1,Total economy,S1,Total economy,BAL,Balance,WRL_REST,Rest of the world,MIO_NAC,Million units of national currency,LU,Luxembourg,2009-Q1,,931.0,,,,,
dataflow,ESTAT:TIPSBP40(1.0),Current account balance - quarterly data,Q,Quarterly,NSA,Unadjusted data (i.e. neither seasonally adjusted nor calendar adjusted data),CA,Current account,S1,Total economy,S1,Total economy,BAL,Balance,WRL_REST,Rest of the world,MIO_NAC,Million units of national currency,LU,Luxembourg,2009-Q2,,939.0,,,,,
dataflow,ESTAT:TIPSBP40(1.0),Current account balance - quarterly data,Q,Quarterly,NSA,Unadjusted data (i.e. neither seasonally adjusted nor calendar adjusted data),CA,Current account,S1,Total economy,S1,Total economy,BAL,Balance,WRL_REST,Rest of the world,MIO_NAC,Million units of national currency,LU,Luxembourg,2009-Q3,,631.0,,,,,
dataflow,ESTAT:TIPSBP40(1.0),Current account balance - quarterly data,Q,Quarterly,NSA,Unadjusted data (i.e. neither seasonally adjusted nor calendar adjusted data),CA,Current account,S1,Total economy,S1,Total economy,BAL,Balance,WRL_REST,Rest of the world,MIO_NAC,Million units of national currency,LU,Luxembourg,2009-Q4,,-242.0,,,,,
dataflow,ESTAT:TIPSBP40(1.0),Current account balance - quarterly data,Q,Quarterly,NSA,Unadjusted data (i.e. neither seasonally adjusted nor calendar adjusted data),CA,Current account,S1,Total economy,S1,Total economy,BAL,Balance,WRL_REST,Rest of the world,MIO_NAC,Million units of national currency,LU,Luxembourg,2010-Q1,,835.0,,,,,
dataflow,ESTAT:TIPSBP40(1.0),Current account balance - quarterly data,Q,Quarterly,NSA,Unadjusted data (i.e. neither seasonally adjusted nor calendar adjusted data),CA,Current account,S1,Total economy,S1,Total economy,BAL,Balance,WRL_REST,Rest of the world,MIO_NAC,Million units of national currency,LU,Luxembourg,2010-Q2,,293.0,,,,,
dataflow,ESTAT:TIPSBP40(1.0),Current account balance - quarterly data,Q,Quarterly,NSA,Unadjusted data (i.e. neither seasonally adjusted nor calendar adjusted data),CA,Current account,S1,Total economy,S1,Total economy,BAL,Balance,WRL_REST,Rest of the world,MIO_NAC,Million units of national currency,LU,Luxembourg,2010-Q3,,802.0,,,,,
dataflow,ESTAT:TIPSBP40(1.0),Current account balance - quarterly data,Q,Quarterly,NSA,Unadjusted data (i.e. neither seasonally adjusted nor calendar adjusted data),CA,Current account,S1,Total economy,S1,Total economy,BAL,Balance,WRL_REST,Rest of the world,MIO_NAC,Million units of national currency,LU,Luxembourg,2010-Q4,,517.0,,,,,
dataflow,ESTAT:TIPSBP40(1.0),Current account balance - quarterly data,Q,Quarterly,NSA,Unadjusted data (i.e. neither seasonally adjusted nor calendar adjusted data),CA,Current account,S1,Total economy,S1,Total economy,BAL,Balance,WRL_REST,Rest of the world,MIO_NAC,Million units of national currency,LU,Luxembourg,2011-Q1,,779.0,,,,,
dataflow,ESTAT:TIPSBP40(1.0),Current account balance - quarterly data,Q,Quarterly,NSA,Unadjusted data (i.e. neither seasonally adjusted nor calendar adjusted data),CA,Current account,S1,Total economy,S1,Total economy,BAL,Balance,WRL_REST,Rest of the world,MIO_NAC,Million units of national currency,LU,Luxembourg,2011-Q2,,697.0,,,,,
dataflow,ESTAT:TIPSBP40(1.0),Current account balance - quarterly data,Q,Quarterly,NSA,Unadjusted data (i.e. neither seasonally adjusted nor calendar adjusted data),CA,Current account,S1,Total economy,S1,Total economy,BAL,Balance,WRL_REST,Rest of the world,MIO_NAC,Million units of national currency,LU,Luxembourg,2011-Q3,,543.0,,,,,
dataflow,ESTAT:TIPSBP40(1.0),Current account balance - quarterly data,Q,Quarterly,NSA,Unadjusted data (i.e. neither seasonally adjusted nor calendar adjusted data),CA,Current account,S1,Total economy,S1,Total economy,BAL,Balance,WRL_REST,Rest of the world,MIO_NAC,Million units of national currency,LU,Luxembourg,2011-Q4,,483.0,,,,,
dataflow,ESTAT:TIPSBP40(1.0),Current account balance - quarterly data,Q,Quarterly,NSA,Unadjusted data (i.e. neither seasonally adjusted nor calendar adjusted data),CA,Current account,S1,Total economy,S1,Total economy,BAL,Balance,WRL_REST,Rest of the world,MIO_NAC,Million units of national currency,LU,Luxembourg,2012-Q1,,1834.0,,,,,
dataflow,ESTAT:TIPSBP40(1.0),Current account balance - quarterly data,Q,Quarterly,NSA,Unadjusted data (i.e. neither seasonally adjusted nor calendar adjusted data),CA,Current account,S1,Total economy,S1,Total economy,BAL,Balance,WRL_REST,Rest of the world,MIO_NAC,Million units of national currency,LU,Luxembourg,2012-Q2,,-1289.0,,,,,
dataflow,ESTAT:TIPSBP40(1.0),Current account balance - quarterly data,Q,Quarterly,NSA,Unadjusted data (i.e. neither seasonally adjusted nor calendar adjusted data),CA,Current account,S1,Total economy,S1,Total economy,BAL,Balance,WRL_REST,Rest of the world,MIO_NAC,Million units of national currency,LU,Luxembourg,2012-Q3,,2112.0,,,,,
dataflow,ESTAT:TIPSBP40(1.0),Current account balance - quarterly data,Q,Quarterly,NSA,Unadjusted data (i.e. neither seasonally adjusted nor calendar adjusted data),CA,Current account,S1,Total economy,S1,Total economy,BAL,Balance,WRL_REST,Rest of the world,MIO_NAC,Million units of national currency,LU,Luxembourg,2012-Q4,,-338.0,,,,,
dataflow,ESTAT:TIPSBP40(1.0),Current account balance - quarterly data,Q,Quarterly,NSA,Unadjusted data (i.e. neither seasonally adjusted nor calendar adjusted data),CA,Current account,S1,Total economy,S1,Total economy,BAL,Balance,WRL_REST,Rest of the world,MIO_NAC,Million units of national currency,LU,Luxembourg,2013-Q1,,-1249.0,,,,,
dataflow,ESTAT:TIPSBP40(1.0),Current account balance - quarterly data,Q,Quarterly,NSA,Unadjusted data (i.e. neither seasonally adjusted nor calendar adjusted data),CA,Current account,S1,Total economy,S1,Total economy,BAL,Balance,WRL_REST,Rest of the world,MIO_NAC,Million units of national currency,LU,Luxembourg,2013-Q2,,-345.0,,,,,
dataflow,ESTAT:TIPSBP40(1.0),Current account balance - quarterly data,Q,Quarterly,NSA,Unadjusted data (i.e. neither seasonally adjusted nor calendar adjusted data),CA,Current account,S1,Total economy,S1,Total economy,BAL,Balance,WRL_REST,Rest of the world,MIO_NAC,Million units of national currency,LU,Luxembourg,2013-Q3,,1493.0,,,,,
dataflow,ESTAT:TIPSBP40(1.0),Current account balance - quarterly data,Q,Quarterly,NSA,Unadjusted data (i.e. neither seasonally adjusted nor calendar adjusted data),CA,Current account,S1,Total economy,S1,Total economy,BAL,Balance,WRL_REST,Rest of the world,MIO_NAC,Million units of national currency,LU,Luxembourg,2013-Q4,,2032.0,,,,,
dataflow,ESTAT:TIPSBP40(1.0),Current account balance - quarterly data,Q,Quarterly,NSA,Unadjusted data (i.e. neither seasonally adjusted nor calendar adjusted data),CA,Current account,S1,Total economy,S1,Total economy,BAL,Balance,WRL_REST,Rest of the world,MIO_NAC,Million units of national currency,LU,Luxembourg,2014-Q1,,-541.0,,,,,
dataflow,ESTAT:TIPSBP40(1.0),Current account balance - quarterly data,Q,Quarterly,NSA,Unadjusted data (i.e. neither seasonally adjusted nor calendar adjusted data),CA,Current account,S1,Total economy,S1,Total economy,BAL,Balance,WRL_REST,Rest of the world,MIO_NAC,Million units of national currency,LU,Luxembourg,2014-Q2,,1010.0,,,,,
dataflow,ESTAT:TIPSBP40(1.0),Current account balance - quarterly data,Q,Quarterly,NSA,Unadjusted data (i.e. neither seasonally adjusted nor calendar adjusted data),CA,Current account,S1,Total economy,S1,Total economy,BAL,Balance,WRL_REST,Rest of the world,MIO_NAC,Million units of national currency,LU,Luxembourg,2014-Q3,,1462.0,,,,,
dataflow,ESTAT:TIPSBP40(1.0),Current account balance - quarterly data,Q,Quarterly,NSA,Unadjusted data (i.e. neither seasonally adjusted nor calendar adjusted data),CA,Current account,S1,Total economy,S1,Total economy,BAL,Balance,WRL_REST,Rest of the world,MIO_NAC,Million units of national currency,LU,Luxembourg,2014-Q4,,188.0,,,,,
dataflow,ESTAT:TIPSBP40(1.0),Current account balance - quarterly data,Q,Quarterly,NSA,Unadjusted data (i.e. neither seasonally adjusted nor calendar adjusted data),CA,Current account,S1,Total economy,S1,Total economy,BAL,Balance,WRL_REST,Rest of the world,MIO_NAC,Million units of national currency,LU,Luxembourg,2015-Q1,,-353.0,,,,,
dataflow,ESTAT:TIPSBP40(1.0),Current account balance - quarterly data,Q,Quarterly,NSA,Unadjusted data (i.e. neither seasonally adjusted nor calendar adjusted data),CA,Current account,S1,Total economy,S1,Total economy,BAL,Balance,WRL_REST,Rest of the world,MIO_NAC,Million units of national currency,LU,Luxembourg,2015-Q2,,2016.0,,,,,
dataflow,ESTAT:TIPSBP40(1.0),Current account balance - quarterly data,Q,Quarterly,NSA,Unadjusted data (i.e. neither seasonally adjusted nor calendar adjusted data),CA,Current account,S1,Total economy,S1,Total economy,BAL,Balance,WRL_REST,Rest of the world,MIO_NAC,Million units of national currency,LU,Luxembourg,2015-Q3,,2659.0,,,,,
dataflow,ESTAT:TIPSBP40(1.0),Current account balance - quarterly data,Q,Quarterly,NSA,Unadjusted data (i.e. neither seasonally adjusted nor calendar adjusted data),CA,Current account,S1,Total economy,S1,Total economy,BAL,Balance,WRL_REST,Rest of the world,MIO_NAC,Million units of national currency,LU,Luxembourg,2015-Q4,,-1288.0,,,,,
dataflow,ESTAT:TIPSBP40(1.0),Current account balance - quarterly data,Q,Quarterly,NSA,Unadjusted data (i.e. neither seasonally adjusted nor calendar adjusted data),CA,Current account,S1,Total economy,S1,Total economy,BAL,Balance,WRL_REST,Rest of the world,MIO_NAC,Million units of national currency,LU,Luxembourg,2016-Q1,,-4.0,,,,,
dataflow,ESTAT:TIPSBP40(1.0),Current account balance - quarterly data,Q,Quarterly,NSA,Unadjusted data (i.e. neither seasonally adjusted nor calendar adjusted data),CA,Current account,S1,Total economy,S1,Total economy,BAL,Balance,WRL_REST,Rest of the world,MIO_NAC,Million units of national currency,LU,Luxembourg,2016-Q2,,1761.0,,,,,
dataflow,ESTAT:TIPSBP40(1.0),Current account balance - quarterly data,Q,Quarterly,NSA,Unadjusted data (i.e. neither seasonally adjusted nor calendar adjusted data),CA,Current account,S1,Total economy,S1,Total economy,BAL,Balance,WRL_REST,Rest of the world,MIO_NAC,Million units of national currency,LU,Luxembourg,2016-Q3,,929.0,,,,,
dataflow,ESTAT:TIPSBP40(1.0),Current account balance - quarterly data,Q,Quarterly,NSA,Unadjusted data (i.e. neither seasonally adjusted nor calendar adjusted data),CA,Current account,S1,Total economy,S1,Total economy,BAL,Balance,WRL_REST,Rest of the world,MIO_NAC,Million units of national currency,LU,Luxembourg,2016-Q4,,1475.0,,,,,
dataflow,ESTAT:TIPSBP40(1.0),Current account balance - quarterly data,Q,Quarterly,NSA,Unadjusted data (i.e. neither seasonally adjusted nor calendar adjusted data),CA,Current account,S1,Total economy,S1,Total economy,BAL,Balance,WRL_REST,Rest of the world,MIO_NAC,Million units of national currency,LU,Luxembourg,2017-Q1,,1801.0,,,,,
dataflow,ESTAT:TIPSBP40(1.0),Current account balance - quarterly data,Q,Quarterly,NSA,Unadjusted data (i.e. neither seasonally adjusted nor calendar adjusted data),CA,Current account,S1,Total economy,S1,Total economy,BAL,Balance,WRL_REST,Rest of the world,MIO_NAC,Million units of national currency,LU,Luxembourg,2017-Q2,,2023.0,,,,,
dataflow,ESTAT:TIPSBP40(1.0),Current account balance - quarterly data,Q,Quarterly,NSA,Unadjusted data (i.e. neither seasonally adjusted nor calendar adjusted data),CA,Current account,S1,Total economy,S1,Total economy,BAL,Balance,WRL_REST,Rest of the world,MIO_NAC,Million units of national currency,LU,Luxembourg,2017-Q3,,-753.0,,,,,
dataflow,ESTAT:TIPSBP40(1.0),Current account balance - quarterly data,Q,Quarterly,NSA,Unadjusted data (i.e. neither seasonally adjusted nor calendar adjusted data),CA,Current account,S1,Total economy,S1,Total economy,BAL,Balance,WRL_REST,Rest of the world,MIO_NAC,Million units of national currency,LU,Luxembourg,2017-Q4,,678.0,,,,,
dataflow,ESTAT:TIPSBP40(1.0),Current account balance - quarterly data,Q,Quarterly,NSA,Unadjusted data (i.e. neither seasonally adjusted nor calendar adjusted data),CA,Current account,S1,Total economy,S1,Total economy,BAL,Balance,WRL_REST,Rest of the world,MIO_NAC,Million units of national currency,LU,Luxembourg,2018-Q1,,1442.0,,,,,
dataflow,ESTAT:TIPSBP40(1.0),Current account balance - quarterly data,Q,Quarterly,NSA,Unadjusted data (i.e. neither seasonally adjusted nor calendar adjusted data),CA,Current account,S1,Total economy,S1,Total economy,BAL,Balance,WRL_REST,Rest of the world,MIO_NAC,Million units of national currency,LU,Luxembourg,2018-Q2,,779.0,,,,,
dataflow,ESTAT:TIPSBP40(1.0),Current account balance - quarterly data,Q,Quarterly,NSA,Unadjusted data (i.e. neither seasonally adjusted nor calendar adjusted data),CA,Current account,S1,Total economy,S1,Total economy,BAL,Balance,WRL_REST,Rest of the world,MIO_NAC,Million units of national currency,LU,Luxembourg,2018-Q3,,1728.0,,,,,
dataflow,ESTAT:TIPSBP40(1.0),Current account balance - quarterly data,Q,Quarterly,NSA,Unadjusted data (i.e. neither seasonally adjusted nor calendar adjusted data),CA,Current account,S1,Total economy,S1,Total economy,BAL,Balance,WRL_REST,Rest of the world,MIO_NAC,Million units of national currency,LU,Luxembourg,2018-Q4,,1055.0,,,,,
dataflow,ESTAT:TIPSBP40(1.0),Current account balance - quarterly data,Q,Quarterly,NSA,Unadjusted data (i.e. neither seasonally adjusted nor calendar adjusted data),CA,Current account,S1,Total economy,S1,Total economy,BAL,Balance,WRL_REST,Rest of the world,MIO_NAC,Million units of national currency,LU,Luxembourg,2019-Q1,,2198.0,,,,,
dataflow,ESTAT:TIPSBP40(1.0),Current account balance - quarterly data,Q,Quarterly,NSA,Unadjusted data (i.e. neither seasonally adjusted nor calendar adjusted data),CA,Current account,S1,Total economy,S1,Total economy,BAL,Balance,WRL_REST,Rest of the world,MIO_NAC,Million units of national currency,LU,Luxembourg,2019-Q2,,3521.0,,,,,
dataflow,ESTAT:TIPSBP40(1.0),Current account balance - quarterly data,Q,Quarterly,NSA,Unadjusted data (i.e. neither seasonally adjusted nor calendar adjusted data),CA,Current account,S1,Total economy,S1,Total economy,BAL,Balance,WRL_REST,Rest of the world,MIO_NAC,Million units of national currency,LU,Luxembourg,2019-Q3,,1656.0,,,,,
dataflow,ESTAT:TIPSBP40(1.0),Current account balance - quarterly data,Q,Quarterly,NSA,Unadjusted data (i.e. neither seasonally adjusted nor calendar adjusted data),CA,Current account,S1,Total economy,S1,Total economy,BAL,Balance,WRL_REST,Rest of the world,MIO_NAC,Million units of national currency,LU,Luxembourg,2019-Q4,,-2051.0,,,,,
dataflow,ESTAT:TIPSBP40(1.0),Current account balance - quarterly data,Q,Quarterly,NSA,Unadjusted data (i.e. neither seasonally adjusted nor calendar adjusted data),CA,Current account,S1,Total economy,S1,Total economy,BAL,Balance,WRL_REST,Rest of the world,MIO_NAC,Million units of national currency,LU,Luxembourg,2020-Q1,,-229.0,,,,,
dataflow,ESTAT:TIPSBP40(1.0),Current account balance - quarterly data,Q,Quarterly,NSA,Unadjusted data (i.e. neither seasonally adjusted nor calendar adjusted data),CA,Current account,S1,Total economy,S1,Total economy,BAL,Balance,WRL_REST,Rest of the world,MIO_NAC,Million units of national currency,LU,Luxembourg,2020-Q2,,75.0,,,,,
dataflow,ESTAT:TIPSBP40(1.0),Current account balance - quarterly data,Q,Quarterly,NSA,Unadjusted data (i.e. neither seasonally adjusted nor calendar adjusted data),CA,Current account,S1,Total economy,S1,Total economy,BAL,Balance,WRL_REST,Rest of the world,MIO_NAC,Million units of national currency,LU,Luxembourg,2020-Q3,,1137.0,,,,,
dataflow,ESTAT:TIPSBP40(1.0),Current account balance - quarterly data,Q,Quarterly,NSA,Unadjusted data (i.e. neither seasonally adjusted nor calendar adjusted data),CA,Current account,S1,Total economy,S1,Total economy,BAL,Balance,WRL_REST,Rest of the world,MIO_NAC,Million units of national currency,LU,Luxembourg,2020-Q4,,2039.0,,,,,
dataflow,ESTAT:TIPSBP40(1.0),Current account balance - quarterly data,Q,Quarterly,NSA,Unadjusted data (i.e. neither seasonally adjusted nor calendar adjusted data),CA,Current account,S1,Total economy,S1,Total economy,BAL,Balance,WRL_REST,Rest of the world,MIO_NAC,Million units of national currency,LU,Luxembourg,2021-Q1,,1323.0,,,,,
dataflow,ESTAT:TIPSBP40(1.0),Current account balance - quarterly data,Q,Quarterly,NSA,Unadjusted data (i.e. neither seasonally adjusted nor calendar adjusted data),CA,Current account,S1,Total economy,S1,Total economy,BAL,Balance,WRL_REST,Rest of the world,MIO_NAC,Million units of national currency,LU,Luxembourg,2021-Q2,,337.0,,,,,
dataflow,ESTAT:TIPSBP40(1.0),Current account balance - quarterly data,Q,Quarterly,NSA,Unadjusted data (i.e. neither seasonally adjusted nor calendar adjusted data),CA,Current account,S1,Total economy,S1,Total economy,BAL,Balance,WRL_REST,Rest of the world,MIO_NAC,Million units of national currency,LU,Luxembourg,2021-Q3,,1510.0,,,,,
dataflow,ESTAT:TIPSBP40(1.0),Current account balance - quarterly data,Q,Quarterly,NSA,Unadjusted data (i.e. neither seasonally adjusted nor calendar adjusted data),CA,Current account,S1,Total economy,S1,Total economy,BAL,Balance,WRL_REST,Rest of the world,MIO_NAC,Million units of national currency,LU,Luxembourg,2021-Q4,,466.0,,,,,
dataflow,ESTAT:TIPSBP40(1.0),Current account balance - quarterly data,Q,Quarterly,NSA,Unadjusted data (i.e. neither seasonally adjusted nor calendar adjusted data),CA,Current account,S1,Total economy,S1,Total economy,BAL,Balance,WRL_REST,Rest of the world,MIO_NAC,Million units of national currency,LU,Luxembourg,2022-Q1,,1962.0,,,,,
dataflow,ESTAT:TIPSBP40(1.0),Current account balance - quarterly data,Q,Quarterly,NSA,Unadjusted data (i.e. neither seasonally adjusted nor calendar adjusted data),CA,Current account,S1,Total economy,S1,Total economy,BAL,Balance,WRL_REST,Rest of the world,MIO_NAC,Million units of national currency,LU,Luxembourg,2022-Q2,,194.0,,,,,
dataflow,ESTAT:TIPSBP40(1.0),Current account balance - quarterly data,Q,Quarterly,NSA,Unadjusted data (i.e. neither seasonally adjusted nor calendar adjusted data),CA,Current account,S1,Total economy,S1,Total economy,BAL,Balance,WRL_REST,Rest of the world,MIO_NAC,Million units of national currency,LU,Luxembourg,2022-Q3,,2137.0,,,,,
dataflow,ESTAT:TIPSBP40(1.0),Current account balance - quarterly data,Q,Quarterly,NSA,Unadjusted data (i.e. neither seasonally adjusted nor calendar adjusted data),CA,Current account,S1,Total economy,S1,Total economy,BAL,Balance,WRL_REST,Rest of the world,MIO_NAC,Million units of national currency,LU,Luxembourg,2022-Q4,,-143.0,,,,,
dataflow,ESTAT:TIPSBP40(1.0),Current account balance - quarterly data,Q,Quarterly,NSA,Unadjusted data (i.e. neither seasonally adjusted nor calendar adjusted data),CA,Current account,S1,Total economy,S1,Total economy,BAL,Balance,WRL_REST,Rest of the world,MIO_NAC,Million units of national currency,LU,Luxembourg,2023-Q1,,254.0,,,,,
dataflow,ESTAT:TIPSBP40(1.0),Current account balance - quarterly data,Q,Quarterly,NSA,Unadjusted data (i.e. neither seasonally adjusted nor calendar adjusted data),CA,Current account,S1,Total economy,S1,Total economy,BAL,Balance,WRL_REST,Rest of the world,MIO_NAC,Million units of national currency,LU,Luxembourg,2023-Q2,,38.0,,,,,
dataflow,ESTAT:TIPSBP40(1.0),Current account balance - quarterly data,Q,Quarterly,NSA,Unadjusted data (i.e. neither seasonally adjusted nor calendar adjusted data),CA,Current account,S1,Total economy,S1,Total economy,BAL,Balance,WRL_REST,Rest of the world,MIO_NAC,Million units of national currency,LU,Luxembourg,2023-Q3,,4153.0,,,,,
dataflow,ESTAT:TIPSBP40(1.0),Current account balance - quarterly data,Q,Quarterly,NSA,Unadjusted data (i.e. neither seasonally adjusted nor calendar adjusted data),CA,Current account,S1,Total economy,S1,Total economy,BAL,Balance,WRL_REST,Rest of the world,MIO_NAC,Million units of national currency,LU,Luxembourg,2023-Q4,,1161.0,,,,,
dataflow,ESTAT:TIPSBP40(1.0),Current account balance - quarterly data,Q,Quarterly,NSA,Unadjusted data (i.e. neither seasonally adjusted nor calendar adjusted data),CA,Current account,S1,Total economy,S1,Total economy,BAL,Balance,WRL_REST,Rest of the world,MIO_NAC,Million units of national currency,LU,Luxembourg,2024-Q1,,1864.0,,,,,
dataflow,ESTAT:TIPSBP40(1.0),Current account balance - quarterly data,Q,Quarterly,NSA,Unadjusted data (i.e. neither seasonally adjusted nor calendar adjusted data),CA,Current account,S1,Total economy,S1,Total economy,BAL,Balance,WRL_REST,Rest of the world,MIO_NAC,Million units of national currency,LU,Luxembourg,2024-Q2,,513.0,,,,,
dataflow,ESTAT:TIPSBP40(1.0),Current account balance - quarterly data,Q,Quarterly,NSA,Unadjusted data (i.e. neither seasonally adjusted nor calendar adjusted data),CA,Current account,S1,Total economy,S1,Total economy,BAL,Balance,WRL_REST,Rest of the world,MIO_NAC,Million units of national currency,LU,Luxembourg,2024-Q3,,4468.0,,,,,
dataflow,ESTAT:TIPSBP40(1.0),Current account balance - quarterly data,Q,Quarterly,NSA,Unadjusted data (i.e. neither seasonally adjusted nor calendar adjusted data),CA,Current account,S1,Total economy,S1,Total economy,BAL,Balance,WRL_REST,Rest of the world,MIO_NAC,Million units of national currency,LU,Luxembourg,2024-Q4,,-3168.0,,,,,
dataflow,ESTAT:TIPSBP40(1.0),Current account balance - quarterly data,Q,Quarterly,NSA,Unadjusted data (i.e. neither seasonally adjusted nor calendar adjusted data),CA,Current account,S1,Total economy,S1,Total economy,BAL,Balance,WRL_REST,Rest of the world,MIO_NAC,Million units of national currency,LU,Luxembourg,2025-Q1,,1456.0,,,,,
dataflow,ESTAT:TIPSBP40(1.0),Current account balance - quarterly data,Q,Quarterly,NSA,Unadjusted data (i.e. neither seasonally adjusted nor calendar adjusted data),CA,Current account,S1,Total economy,S1,Total economy,BAL,Balance,WRL_REST,Rest of the world,MIO_NAC,Million units of national currency,LU,Luxembourg,2025-Q2,,725.0,,,,,
