STRUCTURE,STRUCTURE_ID,STRUCTURE_NAME,freq,Time frequency,unit,Unit of measure,s_adj,Seasonal adjustment,na_item,National accounts indicator (ESA 2010),geo,Geopolitical entity (reporting),TIME_PERIOD,Time,OBS_VALUE,Observation value,OBS_FLAG,Observation status (Flag) V2 structure,CONF_STATUS,Confidentiality status (flag)
dataflow,ESTAT:NAMQ_10_EXI(1.0),Exports and imports by counterpart area,Q,Quarterly,CP_MEUR,"Current prices, million euro",NSA,Unadjusted data (i.e. neither seasonally adjusted nor calendar adjusted data),P7,Imports of goods and services,LU,Luxembourg,1995-Q1,,3359.9,,,,,
dataflow,ESTAT:NAMQ_10_EXI(1.0),Exports and imports by counterpart area,Q,Quarterly,CP_MEUR,"Current prices, million euro",NSA,Unadjusted data (i.e. neither seasonally adjusted nor calendar adjusted data),P7,Imports of goods and services,LU,Luxembourg,1995-Q2,,3425.6,,,,,
dataflow,ESTAT:NAMQ_10_EXI(1.0),Exports and imports by counterpart area,Q,Quarterly,CP_MEUR,"Current prices, million euro",NSA,Unadjusted data (i.e. neither seasonally adjusted nor calendar adjusted data),P7,Imports of goods and services,LU,Luxembourg,1995-Q3,,3286.4,,,,,
dataflow,ESTAT:NAMQ_10_EXI(1.0),Exports and imports by counterpart area,Q,Quarterly,CP_MEUR,"Current prices, million euro",NSA,Unadjusted data (i.e. neither seasonally adjusted nor calendar adjusted data),P7,Imports of goods and services,LU,Luxembourg,1995-Q4,,3495.8,,,,,
dataflow,ESTAT:NAMQ_10_EXI(1.0),Exports and imports by counterpart area,Q,Quarterly,CP_MEUR,"Current prices, million euro",NSA,Unadjusted data (i.e. neither seasonally adjusted nor calendar adjusted data),P7,Imports of goods and services,LU,Luxembourg,1996-Q1,,3653.3,,,,,
dataflow,ESTAT:NAMQ_10_EXI(1.0),Exports and imports by counterpart area,Q,Quarterly,CP_MEUR,"Current prices, million euro",NSA,Unadjusted data (i.e. neither seasonally adjusted nor calendar adjusted data),P7,Imports of goods and services,LU,Luxembourg,1996-Q2,,3740.4,,,,,
dataflow,ESTAT:NAMQ_10_EXI(1.0),Exports and imports by counterpart area,Q,Quarterly,CP_MEUR,"Current prices, million euro",NSA,Unadjusted data (i.e. neither seasonally adjusted nor calendar adjusted data),P7,Imports of goods and services,LU,Luxembourg,1996-Q3,,3359.1,,,,,
dataflow,ESTAT:NAMQ_10_EXI(1.0),Exports and imports by counterpart area,Q,Quarterly,CP_MEUR,"Current prices, million euro",NSA,Unadjusted data (i.e. neither seasonally adjusted nor calendar adjusted data),P7,Imports of goods and services,LU,Luxembourg,1996-Q4,,3677.4,,,,,
dataflow,ESTAT:NAMQ_10_EXI(1.0),Exports and imports by counterpart area,Q,Quarterly,CP_MEUR,"Current prices, million euro",NSA,Unadjusted data (i.e. neither seasonally adjusted nor calendar adjusted data),P7,Imports of goods and services,LU,Luxembourg,1997-Q1,,3761.5,,,,,
dataflow,ESTAT:NAMQ_10_EXI(1.0),Exports and imports by counterpart area,Q,Quarterly,CP_MEUR,"Current prices, million euro",NSA,Unadjusted data (i.e. neither seasonally adjusted nor calendar adjusted data),P7,Imports of goods and services,LU,Luxembourg,1997-Q2,,4022.0,,,,,
dataflow,ESTAT:NAMQ_10_EXI(1.0),Exports and imports by counterpart area,Q,Quarterly,CP_MEUR,"Current prices, million euro",NSA,Unadjusted data (i.e. neither seasonally adjusted nor calendar adjusted data),P7,Imports of goods and services,LU,Luxembourg,1997-Q3,,4146.2,,,,,
dataflow,ESTAT:NAMQ_10_EXI(1.0),Exports and imports by counterpart area,Q,Quarterly,CP_MEUR,"Current prices, million euro",NSA,Unadjusted data (i.e. neither seasonally adjusted nor calendar adjusted data),P7,Imports of goods and services,LU,Luxembourg,1997-Q4,,4620.5,,,,,
dataflow,ESTAT:NAMQ_10_EXI(1.0),Exports and imports by counterpart area,Q,Quarterly,CP_MEUR,"Current prices, million euro",NSA,Unadjusted data (i.e. neither seasonally adjusted nor calendar adjusted data),P7,Imports of goods and services,LU,Luxembourg,1998-Q1,,4701.3,,,,,
dataflow,ESTAT:NAMQ_10_EXI(1.0),Exports and imports by counterpart area,Q,Quarterly,CP_MEUR,"Current prices, million euro",NSA,Unadjusted data (i.e. neither seasonally adjusted nor calendar adjusted data),P7,Imports of goods and services,LU,Luxembourg,1998-Q2,,4848.3,,,,,
dataflow,ESTAT:NAMQ_10_EXI(1.0),Exports and imports by counterpart area,Q,Quarterly,CP_MEUR,"Current prices, million euro",NSA,Unadjusted data (i.e. neither seasonally adjusted nor calendar adjusted data),P7,Imports of goods and services,LU,Luxembourg,1998-Q3,,4903.9,,,,,
dataflow,ESTAT:NAMQ_10_EXI(1.0),Exports and imports by counterpart area,Q,Quarterly,CP_MEUR,"Current prices, million euro",NSA,Unadjusted data (i.e. neither seasonally adjusted nor calendar adjusted data),P7,Imports of goods and services,LU,Luxembourg,1998-Q4,,5150.7,,,,,
dataflow,ESTAT:NAMQ_10_EXI(1.0),Exports and imports by counterpart area,Q,Quarterly,CP_MEUR,"Current prices, million euro",NSA,Unadjusted data (i.e. neither seasonally adjusted nor calendar adjusted data),P7,Imports of goods and services,LU,Luxembourg,1999-Q1,,5108.7,,,,,
dataflow,ESTAT:NAMQ_10_EXI(1.0),Exports and imports by counterpart area,Q,Quarterly,CP_MEUR,"Current prices, million euro",NSA,Unadjusted data (i.e. neither seasonally adjusted nor calendar adjusted data),P7,Imports of goods and services,LU,Luxembourg,1999-Q2,,5603.6,,,,,
dataflow,ESTAT:NAMQ_10_EXI(1.0),Exports and imports by counterpart area,Q,Quarterly,CP_MEUR,"Current prices, million euro",NSA,Unadjusted data (i.e. neither seasonally adjusted nor calendar adjusted data),P7,Imports of goods and services,LU,Luxembourg,1999-Q3,,5532.4,,,,,
dataflow,ESTAT:NAMQ_10_EXI(1.0),Exports and imports by counterpart area,Q,Quarterly,CP_MEUR,"Current prices, million euro",NSA,Unadjusted data (i.e. neither seasonally adjusted nor calendar adjusted data),P7,Imports of goods and services,LU,Luxembourg,1999-Q4,,6355.0,,,,,
dataflow,ESTAT:NAMQ_10_EXI(1.0),Exports and imports by counterpart area,Q,Quarterly,CP_MEUR,"Current prices, million euro",NSA,Unadjusted data (i.e. neither seasonally adjusted nor calendar adjusted data),P7,Imports of goods and services,LU,Luxembourg,2000-Q1,,6693.7,,,,,
dataflow,ESTAT:NAMQ_10_EXI(1.0),Exports and imports by counterpart area,Q,Quarterly,CP_MEUR,"Current prices, million euro",NSA,Unadjusted data (i.e. neither seasonally adjusted nor calendar adjusted data),P7,Imports of goods and services,LU,Luxembourg,2000-Q2,,7035.2,,,,,
dataflow,ESTAT:NAMQ_10_EXI(1.0),Exports and imports by counterpart area,Q,Quarterly,CP_MEUR,"Current prices, million euro",NSA,Unadjusted data (i.e. neither seasonally adjusted nor calendar adjusted data),P7,Imports of goods and services,LU,Luxembourg,2000-Q3,,7181.0,,,,,
dataflow,ESTAT:NAMQ_10_EXI(1.0),Exports and imports by counterpart area,Q,Quarterly,CP_MEUR,"Current prices, million euro",NSA,Unadjusted data (i.e. neither seasonally adjusted nor calendar adjusted data),P7,Imports of goods and services,LU,Luxembourg,2000-Q4,,7769.2,,,,,
dataflow,ESTAT:NAMQ_10_EXI(1.0),Exports and imports by counterpart area,Q,Quarterly,CP_MEUR,"Current prices, million euro",NSA,Unadjusted data (i.e. neither seasonally adjusted nor calendar adjusted data),P7,Imports of goods and services,LU,Luxembourg,2001-Q1,,7169.7,,,,,
dataflow,ESTAT:NAMQ_10_EXI(1.0),Exports and imports by counterpart area,Q,Quarterly,CP_MEUR,"Current prices, million euro",NSA,Unadjusted data (i.e. neither seasonally adjusted nor calendar adjusted data),P7,Imports of goods and services,LU,Luxembourg,2001-Q2,,7714.3,,,,,
dataflow,ESTAT:NAMQ_10_EXI(1.0),Exports and imports by counterpart area,Q,Quarterly,CP_MEUR,"Current prices, million euro",NSA,Unadjusted data (i.e. neither seasonally adjusted nor calendar adjusted data),P7,Imports of goods and services,LU,Luxembourg,2001-Q3,,7355.5,,,,,
dataflow,ESTAT:NAMQ_10_EXI(1.0),Exports and imports by counterpart area,Q,Quarterly,CP_MEUR,"Current prices, million euro",NSA,Unadjusted data (i.e. neither seasonally adjusted nor calendar adjusted data),P7,Imports of goods and services,LU,Luxembourg,2001-Q4,,7506.4,,,,,
dataflow,ESTAT:NAMQ_10_EXI(1.0),Exports and imports by counterpart area,Q,Quarterly,CP_MEUR,"Current prices, million euro",NSA,Unadjusted data (i.e. neither seasonally adjusted nor calendar adjusted data),P7,Imports of goods and services,LU,Luxembourg,2002-Q1,,7158.0,,,,,
dataflow,ESTAT:NAMQ_10_EXI(1.0),Exports and imports by counterpart area,Q,Quarterly,CP_MEUR,"Current prices, million euro",NSA,Unadjusted data (i.e. neither seasonally adjusted nor calendar adjusted data),P7,Imports of goods and services,LU,Luxembourg,2002-Q2,,7198.4,,,,,
dataflow,ESTAT:NAMQ_10_EXI(1.0),Exports and imports by counterpart area,Q,Quarterly,CP_MEUR,"Current prices, million euro",NSA,Unadjusted data (i.e. neither seasonally adjusted nor calendar adjusted data),P7,Imports of goods and services,LU,Luxembourg,2002-Q3,,6940.4,,,,,
dataflow,ESTAT:NAMQ_10_EXI(1.0),Exports and imports by counterpart area,Q,Quarterly,CP_MEUR,"Current prices, million euro",NSA,Unadjusted data (i.e. neither seasonally adjusted nor calendar adjusted data),P7,Imports of goods and services,LU,Luxembourg,2002-Q4,,7297.8,,,,,
dataflow,ESTAT:NAMQ_10_EXI(1.0),Exports and imports by counterpart area,Q,Quarterly,CP_MEUR,"Current prices, million euro",NSA,Unadjusted data (i.e. neither seasonally adjusted nor calendar adjusted data),P7,Imports of goods and services,LU,Luxembourg,2003-Q1,,7004.7,,,,,
dataflow,ESTAT:NAMQ_10_EXI(1.0),Exports and imports by counterpart area,Q,Quarterly,CP_MEUR,"Current prices, million euro",NSA,Unadjusted data (i.e. neither seasonally adjusted nor calendar adjusted data),P7,Imports of goods and services,LU,Luxembourg,2003-Q2,,7170.6,,,,,
dataflow,ESTAT:NAMQ_10_EXI(1.0),Exports and imports by counterpart area,Q,Quarterly,CP_MEUR,"Current prices, million euro",NSA,Unadjusted data (i.e. neither seasonally adjusted nor calendar adjusted data),P7,Imports of goods and services,LU,Luxembourg,2003-Q3,,7365.2,,,,,
dataflow,ESTAT:NAMQ_10_EXI(1.0),Exports and imports by counterpart area,Q,Quarterly,CP_MEUR,"Current prices, million euro",NSA,Unadjusted data (i.e. neither seasonally adjusted nor calendar adjusted data),P7,Imports of goods and services,LU,Luxembourg,2003-Q4,,7868.2,,,,,
dataflow,ESTAT:NAMQ_10_EXI(1.0),Exports and imports by counterpart area,Q,Quarterly,CP_MEUR,"Current prices, million euro",NSA,Unadjusted data (i.e. neither seasonally adjusted nor calendar adjusted data),P7,Imports of goods and services,LU,Luxembourg,2004-Q1,,8021.5,,,,,
dataflow,ESTAT:NAMQ_10_EXI(1.0),Exports and imports by counterpart area,Q,Quarterly,CP_MEUR,"Current prices, million euro",NSA,Unadjusted data (i.e. neither seasonally adjusted nor calendar adjusted data),P7,Imports of goods and services,LU,Luxembourg,2004-Q2,,8578.0,,,,,
dataflow,ESTAT:NAMQ_10_EXI(1.0),Exports and imports by counterpart area,Q,Quarterly,CP_MEUR,"Current prices, million euro",NSA,Unadjusted data (i.e. neither seasonally adjusted nor calendar adjusted data),P7,Imports of goods and services,LU,Luxembourg,2004-Q3,,8277.7,,,,,
dataflow,ESTAT:NAMQ_10_EXI(1.0),Exports and imports by counterpart area,Q,Quarterly,CP_MEUR,"Current prices, million euro",NSA,Unadjusted data (i.e. neither seasonally adjusted nor calendar adjusted data),P7,Imports of goods and services,LU,Luxembourg,2004-Q4,,9370.8,,,,,
dataflow,ESTAT:NAMQ_10_EXI(1.0),Exports and imports by counterpart area,Q,Quarterly,CP_MEUR,"Current prices, million euro",NSA,Unadjusted data (i.e. neither seasonally adjusted nor calendar adjusted data),P7,Imports of goods and services,LU,Luxembourg,2005-Q1,,9127.4,,,,,
dataflow,ESTAT:NAMQ_10_EXI(1.0),Exports and imports by counterpart area,Q,Quarterly,CP_MEUR,"Current prices, million euro",NSA,Unadjusted data (i.e. neither seasonally adjusted nor calendar adjusted data),P7,Imports of goods and services,LU,Luxembourg,2005-Q2,,9835.3,,,,,
dataflow,ESTAT:NAMQ_10_EXI(1.0),Exports and imports by counterpart area,Q,Quarterly,CP_MEUR,"Current prices, million euro",NSA,Unadjusted data (i.e. neither seasonally adjusted nor calendar adjusted data),P7,Imports of goods and services,LU,Luxembourg,2005-Q3,,9731.9,,,,,
dataflow,ESTAT:NAMQ_10_EXI(1.0),Exports and imports by counterpart area,Q,Quarterly,CP_MEUR,"Current prices, million euro",NSA,Unadjusted data (i.e. neither seasonally adjusted nor calendar adjusted data),P7,Imports of goods and services,LU,Luxembourg,2005-Q4,,10747.3,,,,,
dataflow,ESTAT:NAMQ_10_EXI(1.0),Exports and imports by counterpart area,Q,Quarterly,CP_MEUR,"Current prices, million euro",NSA,Unadjusted data (i.e. neither seasonally adjusted nor calendar adjusted data),P7,Imports of goods and services,LU,Luxembourg,2006-Q1,,11297.2,,,,,
dataflow,ESTAT:NAMQ_10_EXI(1.0),Exports and imports by counterpart area,Q,Quarterly,CP_MEUR,"Current prices, million euro",NSA,Unadjusted data (i.e. neither seasonally adjusted nor calendar adjusted data),P7,Imports of goods and services,LU,Luxembourg,2006-Q2,,11636.8,,,,,
dataflow,ESTAT:NAMQ_10_EXI(1.0),Exports and imports by counterpart area,Q,Quarterly,CP_MEUR,"Current prices, million euro",NSA,Unadjusted data (i.e. neither seasonally adjusted nor calendar adjusted data),P7,Imports of goods and services,LU,Luxembourg,2006-Q3,,11303.5,,,,,
dataflow,ESTAT:NAMQ_10_EXI(1.0),Exports and imports by counterpart area,Q,Quarterly,CP_MEUR,"Current prices, million euro",NSA,Unadjusted data (i.e. neither seasonally adjusted nor calendar adjusted data),P7,Imports of goods and services,LU,Luxembourg,2006-Q4,,12971.7,,,,,
dataflow,ESTAT:NAMQ_10_EXI(1.0),Exports and imports by counterpart area,Q,Quarterly,CP_MEUR,"Current prices, million euro",NSA,Unadjusted data (i.e. neither seasonally adjusted nor calendar adjusted data),P7,Imports of goods and services,LU,Luxembourg,2007-Q1,,12123.5,,,,,
dataflow,ESTAT:NAMQ_10_EXI(1.0),Exports and imports by counterpart area,Q,Quarterly,CP_MEUR,"Current prices, million euro",NSA,Unadjusted data (i.e. neither seasonally adjusted nor calendar adjusted data),P7,Imports of goods and services,LU,Luxembourg,2007-Q2,,12864.3,,,,,
dataflow,ESTAT:NAMQ_10_EXI(1.0),Exports and imports by counterpart area,Q,Quarterly,CP_MEUR,"Current prices, million euro",NSA,Unadjusted data (i.e. neither seasonally adjusted nor calendar adjusted data),P7,Imports of goods and services,LU,Luxembourg,2007-Q3,,12908.5,,,,,
dataflow,ESTAT:NAMQ_10_EXI(1.0),Exports and imports by counterpart area,Q,Quarterly,CP_MEUR,"Current prices, million euro",NSA,Unadjusted data (i.e. neither seasonally adjusted nor calendar adjusted data),P7,Imports of goods and services,LU,Luxembourg,2007-Q4,,14015.1,,,,,
dataflow,ESTAT:NAMQ_10_EXI(1.0),Exports and imports by counterpart area,Q,Quarterly,CP_MEUR,"Current prices, million euro",NSA,Unadjusted data (i.e. neither seasonally adjusted nor calendar adjusted data),P7,Imports of goods and services,LU,Luxembourg,2008-Q1,,12800.2,,,,,
dataflow,ESTAT:NAMQ_10_EXI(1.0),Exports and imports by counterpart area,Q,Quarterly,CP_MEUR,"Current prices, million euro",NSA,Unadjusted data (i.e. neither seasonally adjusted nor calendar adjusted data),P7,Imports of goods and services,LU,Luxembourg,2008-Q2,,13504.9,,,,,
dataflow,ESTAT:NAMQ_10_EXI(1.0),Exports and imports by counterpart area,Q,Quarterly,CP_MEUR,"Current prices, million euro",NSA,Unadjusted data (i.e. neither seasonally adjusted nor calendar adjusted data),P7,Imports of goods and services,LU,Luxembourg,2008-Q3,,13654.1,,,,,
dataflow,ESTAT:NAMQ_10_EXI(1.0),Exports and imports by counterpart area,Q,Quarterly,CP_MEUR,"Current prices, million euro",NSA,Unadjusted data (i.e. neither seasonally adjusted nor calendar adjusted data),P7,Imports of goods and services,LU,Luxembourg,2008-Q4,,12340.8,,,,,
dataflow,ESTAT:NAMQ_10_EXI(1.0),Exports and imports by counterpart area,Q,Quarterly,CP_MEUR,"Current prices, million euro",NSA,Unadjusted data (i.e. neither seasonally adjusted nor calendar adjusted data),P7,Imports of goods and services,LU,Luxembourg,2009-Q1,,10290.8,,,,,
dataflow,ESTAT:NAMQ_10_EXI(1.0),Exports and imports by counterpart area,Q,Quarterly,CP_MEUR,"Current prices, million euro",NSA,Unadjusted data (i.e. neither seasonally adjusted nor calendar adjusted data),P7,Imports of goods and services,LU,Luxembourg,2009-Q2,,10775.9,,,,,
dataflow,ESTAT:NAMQ_10_EXI(1.0),Exports and imports by counterpart area,Q,Quarterly,CP_MEUR,"Current prices, million euro",NSA,Unadjusted data (i.e. neither seasonally adjusted nor calendar adjusted data),P7,Imports of goods and services,LU,Luxembourg,2009-Q3,,11396.5,,,,,
dataflow,ESTAT:NAMQ_10_EXI(1.0),Exports and imports by counterpart area,Q,Quarterly,CP_MEUR,"Current prices, million euro",NSA,Unadjusted data (i.e. neither seasonally adjusted nor calendar adjusted data),P7,Imports of goods and services,LU,Luxembourg,2009-Q4,,12682.5,,,,,
dataflow,ESTAT:NAMQ_10_EXI(1.0),Exports and imports by counterpart area,Q,Quarterly,CP_MEUR,"Current prices, million euro",NSA,Unadjusted data (i.e. neither seasonally adjusted nor calendar adjusted data),P7,Imports of goods and services,LU,Luxembourg,2010-Q1,,12819.4,,,,,
dataflow,ESTAT:NAMQ_10_EXI(1.0),Exports and imports by counterpart area,Q,Quarterly,CP_MEUR,"Current prices, million euro",NSA,Unadjusted data (i.e. neither seasonally adjusted nor calendar adjusted data),P7,Imports of goods and services,LU,Luxembourg,2010-Q2,,14333.4,,,,,
dataflow,ESTAT:NAMQ_10_EXI(1.0),Exports and imports by counterpart area,Q,Quarterly,CP_MEUR,"Current prices, million euro",NSA,Unadjusted data (i.e. neither seasonally adjusted nor calendar adjusted data),P7,Imports of goods and services,LU,Luxembourg,2010-Q3,,13618.9,,,,,
dataflow,ESTAT:NAMQ_10_EXI(1.0),Exports and imports by counterpart area,Q,Quarterly,CP_MEUR,"Current prices, million euro",NSA,Unadjusted data (i.e. neither seasonally adjusted nor calendar adjusted data),P7,Imports of goods and services,LU,Luxembourg,2010-Q4,,14759.7,,,,,
dataflow,ESTAT:NAMQ_10_EXI(1.0),Exports and imports by counterpart area,Q,Quarterly,CP_MEUR,"Current prices, million euro",NSA,Unadjusted data (i.e. neither seasonally adjusted nor calendar adjusted data),P7,Imports of goods and services,LU,Luxembourg,2011-Q1,,15187.1,,,,,
dataflow,ESTAT:NAMQ_10_EXI(1.0),Exports and imports by counterpart area,Q,Quarterly,CP_MEUR,"Current prices, million euro",NSA,Unadjusted data (i.e. neither seasonally adjusted nor calendar adjusted data),P7,Imports of goods and services,LU,Luxembourg,2011-Q2,,15337.5,,,,,
dataflow,ESTAT:NAMQ_10_EXI(1.0),Exports and imports by counterpart area,Q,Quarterly,CP_MEUR,"Current prices, million euro",NSA,Unadjusted data (i.e. neither seasonally adjusted nor calendar adjusted data),P7,Imports of goods and services,LU,Luxembourg,2011-Q3,,15338.5,,,,,
dataflow,ESTAT:NAMQ_10_EXI(1.0),Exports and imports by counterpart area,Q,Quarterly,CP_MEUR,"Current prices, million euro",NSA,Unadjusted data (i.e. neither seasonally adjusted nor calendar adjusted data),P7,Imports of goods and services,LU,Luxembourg,2011-Q4,,15846.4,,,,,
dataflow,ESTAT:NAMQ_10_EXI(1.0),Exports and imports by counterpart area,Q,Quarterly,CP_MEUR,"Current prices, million euro",NSA,Unadjusted data (i.e. neither seasonally adjusted nor calendar adjusted data),P7,Imports of goods and services,LU,Luxembourg,2012-Q1,,15829.5,,,,,
dataflow,ESTAT:NAMQ_10_EXI(1.0),Exports and imports by counterpart area,Q,Quarterly,CP_MEUR,"Current prices, million euro",NSA,Unadjusted data (i.e. neither seasonally adjusted nor calendar adjusted data),P7,Imports of goods and services,LU,Luxembourg,2012-Q2,,16238.4,,,,,
dataflow,ESTAT:NAMQ_10_EXI(1.0),Exports and imports by counterpart area,Q,Quarterly,CP_MEUR,"Current prices, million euro",NSA,Unadjusted data (i.e. neither seasonally adjusted nor calendar adjusted data),P7,Imports of goods and services,LU,Luxembourg,2012-Q3,,16402.4,,,,,
dataflow,ESTAT:NAMQ_10_EXI(1.0),Exports and imports by counterpart area,Q,Quarterly,CP_MEUR,"Current prices, million euro",NSA,Unadjusted data (i.e. neither seasonally adjusted nor calendar adjusted data),P7,Imports of goods and services,LU,Luxembourg,2012-Q4,,16933.9,,,,,
dataflow,ESTAT:NAMQ_10_EXI(1.0),Exports and imports by counterpart area,Q,Quarterly,CP_MEUR,"Current prices, million euro",NSA,Unadjusted data (i.e. neither seasonally adjusted nor calendar adjusted data),P7,Imports of goods and services,LU,Luxembourg,2013-Q1,,17085.7,,,,,
dataflow,ESTAT:NAMQ_10_EXI(1.0),Exports and imports by counterpart area,Q,Quarterly,CP_MEUR,"Current prices, million euro",NSA,Unadjusted data (i.e. neither seasonally adjusted nor calendar adjusted data),P7,Imports of goods and services,LU,Luxembourg,2013-Q2,,17591.6,,,,,
dataflow,ESTAT:NAMQ_10_EXI(1.0),Exports and imports by counterpart area,Q,Quarterly,CP_MEUR,"Current prices, million euro",NSA,Unadjusted data (i.e. neither seasonally adjusted nor calendar adjusted data),P7,Imports of goods and services,LU,Luxembourg,2013-Q3,,17600.8,,,,,
dataflow,ESTAT:NAMQ_10_EXI(1.0),Exports and imports by counterpart area,Q,Quarterly,CP_MEUR,"Current prices, million euro",NSA,Unadjusted data (i.e. neither seasonally adjusted nor calendar adjusted data),P7,Imports of goods and services,LU,Luxembourg,2013-Q4,,18491.7,,,,,
dataflow,ESTAT:NAMQ_10_EXI(1.0),Exports and imports by counterpart area,Q,Quarterly,CP_MEUR,"Current prices, million euro",NSA,Unadjusted data (i.e. neither seasonally adjusted nor calendar adjusted data),P7,Imports of goods and services,LU,Luxembourg,2014-Q1,,18425.8,,,,,
dataflow,ESTAT:NAMQ_10_EXI(1.0),Exports and imports by counterpart area,Q,Quarterly,CP_MEUR,"Current prices, million euro",NSA,Unadjusted data (i.e. neither seasonally adjusted nor calendar adjusted data),P7,Imports of goods and services,LU,Luxembourg,2014-Q2,,18688.8,,,,,
dataflow,ESTAT:NAMQ_10_EXI(1.0),Exports and imports by counterpart area,Q,Quarterly,CP_MEUR,"Current prices, million euro",NSA,Unadjusted data (i.e. neither seasonally adjusted nor calendar adjusted data),P7,Imports of goods and services,LU,Luxembourg,2014-Q3,,19510.6,,,,,
dataflow,ESTAT:NAMQ_10_EXI(1.0),Exports and imports by counterpart area,Q,Quarterly,CP_MEUR,"Current prices, million euro",NSA,Unadjusted data (i.e. neither seasonally adjusted nor calendar adjusted data),P7,Imports of goods and services,LU,Luxembourg,2014-Q4,,21396.5,,,,,
dataflow,ESTAT:NAMQ_10_EXI(1.0),Exports and imports by counterpart area,Q,Quarterly,CP_MEUR,"Current prices, million euro",NSA,Unadjusted data (i.e. neither seasonally adjusted nor calendar adjusted data),P7,Imports of goods and services,LU,Luxembourg,2015-Q1,,21657.4,,,,,
dataflow,ESTAT:NAMQ_10_EXI(1.0),Exports and imports by counterpart area,Q,Quarterly,CP_MEUR,"Current prices, million euro",NSA,Unadjusted data (i.e. neither seasonally adjusted nor calendar adjusted data),P7,Imports of goods and services,LU,Luxembourg,2015-Q2,,21954.1,,,,,
dataflow,ESTAT:NAMQ_10_EXI(1.0),Exports and imports by counterpart area,Q,Quarterly,CP_MEUR,"Current prices, million euro",NSA,Unadjusted data (i.e. neither seasonally adjusted nor calendar adjusted data),P7,Imports of goods and services,LU,Luxembourg,2015-Q3,,20923.9,,,,,
dataflow,ESTAT:NAMQ_10_EXI(1.0),Exports and imports by counterpart area,Q,Quarterly,CP_MEUR,"Current prices, million euro",NSA,Unadjusted data (i.e. neither seasonally adjusted nor calendar adjusted data),P7,Imports of goods and services,LU,Luxembourg,2015-Q4,,21711.4,,,,,
dataflow,ESTAT:NAMQ_10_EXI(1.0),Exports and imports by counterpart area,Q,Quarterly,CP_MEUR,"Current prices, million euro",NSA,Unadjusted data (i.e. neither seasonally adjusted nor calendar adjusted data),P7,Imports of goods and services,LU,Luxembourg,2016-Q1,,21458.7,,,,,
dataflow,ESTAT:NAMQ_10_EXI(1.0),Exports and imports by counterpart area,Q,Quarterly,CP_MEUR,"Current prices, million euro",NSA,Unadjusted data (i.e. neither seasonally adjusted nor calendar adjusted data),P7,Imports of goods and services,LU,Luxembourg,2016-Q2,,21992.4,,,,,
dataflow,ESTAT:NAMQ_10_EXI(1.0),Exports and imports by counterpart area,Q,Quarterly,CP_MEUR,"Current prices, million euro",NSA,Unadjusted data (i.e. neither seasonally adjusted nor calendar adjusted data),P7,Imports of goods and services,LU,Luxembourg,2016-Q3,,21592.7,,,,,
dataflow,ESTAT:NAMQ_10_EXI(1.0),Exports and imports by counterpart area,Q,Quarterly,CP_MEUR,"Current prices, million euro",NSA,Unadjusted data (i.e. neither seasonally adjusted nor calendar adjusted data),P7,Imports of goods and services,LU,Luxembourg,2016-Q4,,23393.3,,,,,
dataflow,ESTAT:NAMQ_10_EXI(1.0),Exports and imports by counterpart area,Q,Quarterly,CP_MEUR,"Current prices, million euro",NSA,Unadjusted data (i.e. neither seasonally adjusted nor calendar adjusted data),P7,Imports of goods and services,LU,Luxembourg,2017-Q1,,22646.2,,,,,
dataflow,ESTAT:NAMQ_10_EXI(1.0),Exports and imports by counterpart area,Q,Quarterly,CP_MEUR,"Current prices, million euro",NSA,Unadjusted data (i.e. neither seasonally adjusted nor calendar adjusted data),P7,Imports of goods and services,LU,Luxembourg,2017-Q2,,23176.6,,,,,
dataflow,ESTAT:NAMQ_10_EXI(1.0),Exports and imports by counterpart area,Q,Quarterly,CP_MEUR,"Current prices, million euro",NSA,Unadjusted data (i.e. neither seasonally adjusted nor calendar adjusted data),P7,Imports of goods and services,LU,Luxembourg,2017-Q3,,23033.2,,,,,
dataflow,ESTAT:NAMQ_10_EXI(1.0),Exports and imports by counterpart area,Q,Quarterly,CP_MEUR,"Current prices, million euro",NSA,Unadjusted data (i.e. neither seasonally adjusted nor calendar adjusted data),P7,Imports of goods and services,LU,Luxembourg,2017-Q4,,24822.7,,,,,
dataflow,ESTAT:NAMQ_10_EXI(1.0),Exports and imports by counterpart area,Q,Quarterly,CP_MEUR,"Current prices, million euro",NSA,Unadjusted data (i.e. neither seasonally adjusted nor calendar adjusted data),P7,Imports of goods and services,LU,Luxembourg,2018-Q1,,23806.1,,,,,
dataflow,ESTAT:NAMQ_10_EXI(1.0),Exports and imports by counterpart area,Q,Quarterly,CP_MEUR,"Current prices, million euro",NSA,Unadjusted data (i.e. neither seasonally adjusted nor calendar adjusted data),P7,Imports of goods and services,LU,Luxembourg,2018-Q2,,24369.2,,,,,
dataflow,ESTAT:NAMQ_10_EXI(1.0),Exports and imports by counterpart area,Q,Quarterly,CP_MEUR,"Current prices, million euro",NSA,Unadjusted data (i.e. neither seasonally adjusted nor calendar adjusted data),P7,Imports of goods and services,LU,Luxembourg,2018-Q3,,24621.1,,,,,
dataflow,ESTAT:NAMQ_10_EXI(1.0),Exports and imports by counterpart area,Q,Quarterly,CP_MEUR,"Current prices, million euro",NSA,Unadjusted data (i.e. neither seasonally adjusted nor calendar adjusted data),P7,Imports of goods and services,LU,Luxembourg,2018-Q4,,26310.3,,,,,
dataflow,ESTAT:NAMQ_10_EXI(1.0),Exports and imports by counterpart area,Q,Quarterly,CP_MEUR,"Current prices, million euro",NSA,Unadjusted data (i.e. neither seasonally adjusted nor calendar adjusted data),P7,Imports of goods and services,LU,Luxembourg,2019-Q1,,26269.1,,,,,
dataflow,ESTAT:NAMQ_10_EXI(1.0),Exports and imports by counterpart area,Q,Quarterly,CP_MEUR,"Current prices, million euro",NSA,Unadjusted data (i.e. neither seasonally adjusted nor calendar adjusted data),P7,Imports of goods and services,LU,Luxembourg,2019-Q2,,27009.6,,,,,
dataflow,ESTAT:NAMQ_10_EXI(1.0),Exports and imports by counterpart area,Q,Quarterly,CP_MEUR,"Current prices, million euro",NSA,Unadjusted data (i.e. neither seasonally adjusted nor calendar adjusted data),P7,Imports of goods and services,LU,Luxembourg,2019-Q3,,27561.9,,,,,
dataflow,ESTAT:NAMQ_10_EXI(1.0),Exports and imports by counterpart area,Q,Quarterly,CP_MEUR,"Current prices, million euro",NSA,Unadjusted data (i.e. neither seasonally adjusted nor calendar adjusted data),P7,Imports of goods and services,LU,Luxembourg,2019-Q4,,29060.3,,,,,
dataflow,ESTAT:NAMQ_10_EXI(1.0),Exports and imports by counterpart area,Q,Quarterly,CP_MEUR,"Current prices, million euro",NSA,Unadjusted data (i.e. neither seasonally adjusted nor calendar adjusted data),P7,Imports of goods and services,LU,Luxembourg,2020-Q1,,26976.2,,,,,
dataflow,ESTAT:NAMQ_10_EXI(1.0),Exports and imports by counterpart area,Q,Quarterly,CP_MEUR,"Current prices, million euro",NSA,Unadjusted data (i.e. neither seasonally adjusted nor calendar adjusted data),P7,Imports of goods and services,LU,Luxembourg,2020-Q2,,25155.7,,,,,
dataflow,ESTAT:NAMQ_10_EXI(1.0),Exports and imports by counterpart area,Q,Quarterly,CP_MEUR,"Current prices, million euro",NSA,Unadjusted data (i.e. neither seasonally adjusted nor calendar adjusted data),P7,Imports of goods and services,LU,Luxembourg,2020-Q3,,27780.6,,,,,
dataflow,ESTAT:NAMQ_10_EXI(1.0),Exports and imports by counterpart area,Q,Quarterly,CP_MEUR,"Current prices, million euro",NSA,Unadjusted data (i.e. neither seasonally adjusted nor calendar adjusted data),P7,Imports of goods and services,LU,Luxembourg,2020-Q4,,30474.3,,,,,
dataflow,ESTAT:NAMQ_10_EXI(1.0),Exports and imports by counterpart area,Q,Quarterly,CP_MEUR,"Current prices, million euro",NSA,Unadjusted data (i.e. neither seasonally adjusted nor calendar adjusted data),P7,Imports of goods and services,LU,Luxembourg,2021-Q1,,30694.9,,,,,
dataflow,ESTAT:NAMQ_10_EXI(1.0),Exports and imports by counterpart area,Q,Quarterly,CP_MEUR,"Current prices, million euro",NSA,Unadjusted data (i.e. neither seasonally adjusted nor calendar adjusted data),P7,Imports of goods and services,LU,Luxembourg,2021-Q2,,33099.6,,,,,
dataflow,ESTAT:NAMQ_10_EXI(1.0),Exports and imports by counterpart area,Q,Quarterly,CP_MEUR,"Current prices, million euro",NSA,Unadjusted data (i.e. neither seasonally adjusted nor calendar adjusted data),P7,Imports of goods and services,LU,Luxembourg,2021-Q3,,32282.0,,,,,
dataflow,ESTAT:NAMQ_10_EXI(1.0),Exports and imports by counterpart area,Q,Quarterly,CP_MEUR,"Current prices, million euro",NSA,Unadjusted data (i.e. neither seasonally adjusted nor calendar adjusted data),P7,Imports of goods and services,LU,Luxembourg,2021-Q4,,36773.5,,,,,
dataflow,ESTAT:NAMQ_10_EXI(1.0),Exports and imports by counterpart area,Q,Quarterly,CP_MEUR,"Current prices, million euro",NSA,Unadjusted data (i.e. neither seasonally adjusted nor calendar adjusted data),P7,Imports of goods and services,LU,Luxembourg,2022-Q1,,34816.7,,,,,
dataflow,ESTAT:NAMQ_10_EXI(1.0),Exports and imports by counterpart area,Q,Quarterly,CP_MEUR,"Current prices, million euro",NSA,Unadjusted data (i.e. neither seasonally adjusted nor calendar adjusted data),P7,Imports of goods and services,LU,Luxembourg,2022-Q2,,35859.0,,,,,
dataflow,ESTAT:NAMQ_10_EXI(1.0),Exports and imports by counterpart area,Q,Quarterly,CP_MEUR,"Current prices, million euro",NSA,Unadjusted data (i.e. neither seasonally adjusted nor calendar adjusted data),P7,Imports of goods and services,LU,Luxembourg,2022-Q3,,36476.3,,,,,
dataflow,ESTAT:NAMQ_10_EXI(1.0),Exports and imports by counterpart area,Q,Quarterly,CP_MEUR,"Current prices, million euro",NSA,Unadjusted data (i.e. neither seasonally adjusted nor calendar adjusted data),P7,Imports of goods and services,LU,Luxembourg,2022-Q4,,38536.5,,,,,
dataflow,ESTAT:NAMQ_10_EXI(1.0),Exports and imports by counterpart area,Q,Quarterly,CP_MEUR,"Current prices, million euro",NSA,Unadjusted data (i.e. neither seasonally adjusted nor calendar adjusted data),P7,Imports of goods and services,LU,Luxembourg,2023-Q1,,37377.0,,,,,
dataflow,ESTAT:NAMQ_10_EXI(1.0),Exports and imports by counterpart area,Q,Quarterly,CP_MEUR,"Current prices, million euro",NSA,Unadjusted data (i.e. neither seasonally adjusted nor calendar adjusted data),P7,Imports of goods and services,LU,Luxembourg,2023-Q2,,37861.8,,,,,
dataflow,ESTAT:NAMQ_10_EXI(1.0),Exports and imports by counterpart area,Q,Quarterly,CP_MEUR,"Current prices, million euro",NSA,Unadjusted data (i.e. neither seasonally adjusted nor calendar adjusted data),P7,Imports of goods and services,LU,Luxembourg,2023-Q3,,38303.0,,,,,
dataflow,ESTAT:NAMQ_10_EXI(1.0),Exports and imports by counterpart area,Q,Quarterly,CP_MEUR,"Current prices, million euro",NSA,Unadjusted data (i.e. neither seasonally adjusted nor calendar adjusted data),P7,Imports of goods and services,LU,Luxembourg,2023-Q4,,38525.4,,,,,
dataflow,ESTAT:NAMQ_10_EXI(1.0),Exports and imports by counterpart area,Q,Quarterly,CP_MEUR,"Current prices, million euro",NSA,Unadjusted data (i.e. neither seasonally adjusted nor calendar adjusted data),P7,Imports of goods and services,LU,Luxembourg,2024-Q1,,35529.4,,,,,
dataflow,ESTAT:NAMQ_10_EXI(1.0),Exports and imports by counterpart area,Q,Quarterly,CP_MEUR,"Current prices, million euro",NSA,Unadjusted data (i.e. neither seasonally adjusted nor calendar adjusted data),P7,Imports of goods and services,LU,Luxembourg,2024-Q2,,34906.2,,,,,
dataflow,ESTAT:NAMQ_10_EXI(1.0),Exports and imports by counterpart area,Q,Quarterly,CP_MEUR,"Current prices, million euro",NSA,Unadjusted data (i.e. neither seasonally adjusted nor calendar adjusted data),P7,Imports of goods and services,LU,Luxembourg,2024-Q3,,33316.9,,,,,
dataflow,ESTAT:NAMQ_10_EXI(1.0),Exports and imports by counterpart area,Q,Quarterly,CP_MEUR,"Current prices, million euro",NSA,Unadjusted data (i.e. neither seasonally adjusted nor calendar adjusted data),P7,Imports of goods and services,LU,Luxembourg,2024-Q4,,33907.5,,,,,
dataflow,ESTAT:NAMQ_10_EXI(1.0),Exports and imports by counterpart area,Q,Quarterly,CP_MEUR,"Current prices, million euro",NSA,Unadjusted data (i.e. neither seasonally adjusted nor calendar adjusted data),P7,Imports of goods and services,LU,Luxembourg,2025-Q1,,35045.3,,p,provisional,,
dataflow,ESTAT:NAMQ_10_EXI(1.0),Exports and imports by counterpart area,Q,Quarterly,CP_MEUR,"Current prices, million euro",NSA,Unadjusted data (i.e. neither seasonally adjusted nor calendar adjusted data),P7,Imports of goods and services,LU,Luxembourg,2025-Q2,,34828.3,,p,provisional,,
